TICKER,COMPANY_NAME,SECTOR,CAP_SIZE,BETA,DIVIDEND_YIELD,SECTOR_PE,EPS,PRICE TO EARNING,DIFFERENTIAL_PE,INV_BETA,SALES,NET PROFIT,EBITDA,EBITDA_MARGIN
MARUTI,Maruti Suzuki India Limited,Automobile,L,5.574585635359116,1.5337423312883436,6.845281403809115,7.603268345468885,7.440303907380609,3.3247119058478116,1.0475851006950634,[4.28906792 4.45110412 4.71386182],[6.03942585 6.2285687  6.25900448],[1.5454594  1.64881138 1.65818786],[2.4080092  2.54880161 2.60513789]
TATAMOTORS,Tata Motors Limited,Automobile,L,9.751381215469614,1.0,6.845281403809115,1.4955890174788622,7.131179069236043,3.5648706355823774,1.0014046259013016,[4.99255971 4.47292775 4.89809519],[4.65395958 5.03177153 5.02455521],[1.13773329 1.24813065 1.23826961],[1.57605246 1.82823167 1.82517249]
M&M,Mahindra & Mahindra Limited,Automobile,L,6.171270718232044,1.9662576687116564,6.845281403809115,2.329787429158337,7.722998705156525,3.1050866439505986,1.03646408839779,[4.58951531 4.53826877 4.69504382],[5.45302392 5.7204404  5.74750694],[1.31852365 1.39588952 1.39618932],[2.2211392  2.41455074 2.43675876]
ASHOKLEY,Ashok Leyland Limited,Automobile,M,7.9609375,1.546468401486989,6.845281403809115,2.1318263179817403,4.957630723544283,4.777878705553235,1.5762567934782612,[4.95388125 4.82355634 5.72952722],[9.09303835 9.22103032 9.22961185],[3.25020904 3.41908067 3.41840981],[5.64255533 5.74284392 5.75310454]
TVSELECT,TVS Electronics Limited,Automobile,M,4.515625,1.6133828996282529,6.845281403809115,2.1325355458239987,10.0,1.0,3.403265449438203,[4.89027702 2.27617886 4.46866899],[9.0981457  9.09890923 9.09891248],[3.11913232 3.12007384 3.12005813],[5.62461137 5.55639326 5.54269797]
ESCORTS,Escorts Limited,Automobile,M,1.0703125,1.446096654275093,6.845281403809115,3.839241689088023,5.8423532244472085,4.115020808157365,9.706445312500001,[7.59275458 6.95917723 7.15300854],[9.19025975 9.17229146 9.16179827],[3.26948474 3.24690571 3.23083833],[5.98948046 5.93855798 5.89723615]
JAMNAAUTO,Jamna Auto Industried Limited,Automobile,S,5.097014925373134,1.8470588235294119,6.845281403809115,4.269252712265236,3.0632517705249747,8.131148037157429,2.970807726075505,[3.47658542 3.30233431 3.66940808],[4.97276898 5.01568418 5.01729961],[2.1061386  2.1324824  2.13223464],[8.5424633  8.54716027 8.55360897]
OLECTRA,Olectra Greentech Limited,Automobile,S,3.8880597014925367,1.0,6.845281403809115,4.239355681724072,3.4823097388241466,7.76258351059094,3.983208955223881,[2.70668695 4.24497435 4.41072109],[4.91061404 4.90218252 4.90312709],[2.06230159 2.05724806 2.05712352],[8.52566915 8.51234503 8.52986972]
JBMA,JBM Auto Limited,Automobile,S,3.6865671641791047,1.1411764705882352,6.845281403809115,4.329212407865799,3.2023981713943117,8.008767767029203,4.195688225538971,[3.51715704 5.04348554 4.71919934],[4.97139428 4.97333108 4.96770518],[2.14892045 2.14030767 2.13073308],[8.53600822 8.54024756 8.54371883]
SHARDAMOTR,Sharda Motor Industries Limited,Automobile,S,3.6865671641791047,1.388235294117647,6.845281403809115,4.71919888104681,2.7349795780717203,8.419865814527313,4.195688225538971,[6.14837663 4.15297906 4.0591816 ],[4.97991744 4.98912185 4.98449001],[2.10699026 2.11359114 2.11221522],[8.53235187 8.54397089 8.54410188]
SBIN,State Bank of India,Banking,L,7.364640883977901,1.7269938650306749,2.760325272843997,1.9450140307760029,7.6213154086373684,2.98602383397718,1.0204291404342798,[4.79106698 4.958247   5.19927214],[7.81102451 6.37411107 6.46420568],[10.          9.03807649  8.69870677],[6.8065011  6.48929552 6.59988731]
HDFCBANK,HDFC Bank,Banking,L,6.61878453038674,1.3680981595092025,2.760325272843997,2.8211397025108673,7.411388910046463,3.274493305887215,1.029659784821169,[4.9024573  5.38358327 5.39494346],[9.40254711 8.73659585 8.46934938],[5.75862472 5.23840368 4.97409888],[7.6748386  7.74113694 7.76407877]
ICICIBANK,ICICI Bank Limited,Banking,L,7.066298342541437,1.2484662576687118,2.760325272843997,2.0596812354419236,7.452395460431108,3.2181443551177233,1.023851232987468,[4.92799513 5.2914954  5.14701978],[7.04801702 6.55294189 6.58792416],[3.90812007 3.4683495  3.41773612],[7.19684137 6.90447442 7.04590203]
BANDHANBNK,Bandhan Bank,Banking,M,7.117187500000002,1.3568773234200744,2.760325272843997,2.6746895720992017,5.714932380914162,3.7555386198286365,1.8922991071428568,[7.17075574 9.1109478  8.78350514],[9.45265228 9.38714433 9.35948882],[4.36142713 4.08009516 3.9851405 ],[7.84528408 7.98150749 8.03301317]
CANBK,Canara Bank,Banking,M,8.734375000000002,1.0,2.760325272843997,1.5538056265408817,5.5058148400818645,4.032661221000701,1.3312709731543624,[9.30565181 7.55682475 7.14980023],[9.11989195 8.97759269 9.03211794],[9.38621836 8.23963567 8.2124884 ],[7.81892893 7.64035123 7.74076327]
PNB,Punjab National Bank,Banking,M,7.609375000000002,1.0,2.760325272843997,1.3802474417138546,5.657217384325214,3.8320225432609263,1.7010103383458643,[10.          7.61992864  7.23447416],[9.25794707 8.42335357 8.59422945],[10.          7.80440409  7.90105773],[7.74614506 7.16074675 7.30766002]
RBLBANK,RBL Bank,Banking,S,10.0,1.0,2.760325272843997,4.490250568218417,3.2703188818525875,7.28836858309356,1.0,[3.39930573 4.1163052  4.10053748],[5.51581368 5.66507292 5.6203926 ],[4.49159381 4.26230169 4.10550776],[8.94153745 9.00579467 9.0244738 ]
CSBBANK,CSB Bank,Banking,S,4.895522388059701,1.0,2.760325272843997,4.12887745806226,3.5040281785138836,6.924802350438472,3.113975576662144,[4.1216638  3.84133249 3.73454688],[5.03782608 4.87713542 4.88141044],[2.5646786  2.46102774 2.4692857 ],[8.96651233 8.90595784 8.92945649]
DCBBANK,DCB Bank,Banking,S,5.029850746268657,1.0,2.760325272843997,4.413230517239793,2.8482257278824896,7.94499123358578,3.0175853406236146,[3.43353504 3.84261871 3.86134934],[5.30825172 5.27678017 5.24954759],[3.26291419 3.13065767 3.05773475],[9.03522117 9.0355339  9.03502778]
CENTRALBK,Central Bank,Banking,S,4.62686567164179,1.0,2.760325272843997,4.011980896818897,2.080458650279162,9.13935614738459,3.3189316575019636,[3.39903053 3.44568751 3.44054604],[3.66920144 1.         1.18322725],[8.40990447 7.20358799 7.48327221],[8.91209163 8.82274283 8.83761663]
ASIANPAINT,Asian Paints Limited,Chemical,L,4.629834254143646,1.5245398773006134,10.0,2.3542174861984853,7.595294767309012,3.2639647832560987,1.0725698073764371,[5.02404899 5.11095481 5.14346512],[5.74386719 5.68440303 5.66651198],[1.30717216 1.28270391 1.27282383],[3.33390186 3.24280838 3.23448395]
PIDILITIND,Pidilite,Chemical,L,4.629834254143646,1.312883435582822,10.0,2.221557874658401,7.582308248914617,3.271518534463967,1.0725698073764371,[4.54675732 4.90404665 4.96357501],[5.49436902 5.48557237 5.47833148],[1.16755631 1.16415648 1.16141736],[3.34892159 3.35017231 3.35020438]
BERGEPAINT,Berger Paints,Chemical,L,4.977900552486188,1.3588957055214723,10.0,1.8450928965757571,7.6335116916749195,3.241735489012417,1.062001227747084,[4.92887383 5.06859625 5.10885028],[5.43748914 5.41935627 5.41601988],[1.14485285 1.13805676 1.13603148],[2.87504908 2.77038675 2.77647354]
TATACHEM,Tata Chemical,Chemical,M,7.539062500000002,2.1152416356877324,10.0,6.1912438505443035,5.378682932701954,4.547826188821123,1.7270951704545454,[6.17247723 5.58658372 5.59993245],[9.59438127 9.43511457 9.38649377],[3.71496585 3.54909227 3.49694549],[10.          8.61922728  8.19904836]
UPL,UPL,Chemical,M,4.515625,2.4052044609665426,10.0,2.212273018946515,9.373008547694528,2.3072367040318174,3.403265449438203,[7.38234163 7.25350638 7.02318044],[9.14424477 9.15346675 9.14903206],[3.37196584 3.34787866 3.33817678],[6.00747181 6.02634328 6.03062575]
DEEPAKNTR,Deepak Nitrite Limited,Chemical,M,7.9609375,1.2676579925650557,10.0,2.88087223767013,6.0551547012319915,4.168364002354373,1.5762567934782612,[4.43225642 6.72835407 6.89906668],[9.15901079 9.13604873 9.13145333],[3.21843183 3.18749748 3.18029083],[6.56704252 6.28196946 6.24141083]
VINATIORGA,Vinati Organics Limited,Chemical,S,1.4029850746268657,1.3529411764705883,10.0,4.688887764210062,3.4217409225465585,8.065290478960378,8.499523658304224,[3.3014088  3.82893068 3.83564896],[5.26514101 5.21113042 5.18251092],[2.23278747 2.21561501 2.20231193],[8.76360301 8.7398181  8.735207  ]
LXCHEM,Laxmi Organic,Chemical,S,7.985074626865671,1.1294117647058823,10.0,4.984711013775271,2.546460823621988,8.641647980429923,1.5697375193000518,[3.9696625  3.71526859 3.8318981 ],[5.01952724 5.00527615 5.00083983],[2.12847851 2.12237425 2.11782862],[8.54011826 8.53740351 8.53713068]
BHARATRAS,Bharat Rasayan,Chemical,S,4.223880597014926,1.011764705882353,10.0,10.0,2.9290965638700492,8.389688659644168,3.6609089384537987,[3.22869742 3.81919577 3.92173617],[5.09341911 5.05911872 5.03994496],[2.15552133 2.14024242 2.13161437],[8.60745463 8.60184932 8.59836597]
GHCL,GHCL,Chemical,S,7.044776119402986,2.1529411764705886,10.0,4.998044592493075,2.492569415820437,8.677134583163541,1.924917397744104,[3.14277209 3.49411578 3.52395088],[5.33437109 5.33713883 5.34355778],[2.35666016 2.36041298 2.36160109],[8.62004916 8.61961532 8.62447133]
HDFC,HDFC Limited,Finance,L,7.414364640883978,1.8098159509202454,5.551615664455382,3.5493644883810505,7.431116231243813,3.314312816401783,1.0198895027624308,[3.73575098 5.0396228  5.22590725],[7.44976703 7.12384871 6.97784684],[3.36288214 3.15588647 3.04567251],[8.13985474 8.26635382 8.33996892]
BAJFINANCE,Bajaj Finance,Finance,L,8.259668508287293,1.1288343558282208,5.551615664455382,3.2907030060708324,7.505722065656182,3.247100262506246,1.0118389897395423,[4.57824456 5.86385423 5.89339834],[5.96552132 5.87835933 5.82266358],[1.7669092  1.67741122 1.62458629],[5.92577513 6.27838327 6.32745703]
BAJAJFINSV,Bajaj Finserv,Finance,L,7.613259668508288,1.01840490797546,5.551615664455382,2.164444362929406,10.0,1.0,1.017811495011132,[2.03875528 6.43782633 6.67567664],[5.39966199 5.38561109 5.37842825],[1.1135092  1.10827184 1.10586171],[6.99278891 6.84568982 6.73874016]
MUTHOOTFIN,Muthoot Finance,Finance,M,4.5859375,2.6282527881040894,5.551615664455382,4.913620551846806,5.324651872065492,4.45510999308573,3.34609375,[7.66244357 7.50562452 7.30073478],[9.5551302  9.45372976 9.41459831],[4.28285898 4.07931186 4.0140207 ],[8.14676252 8.08759287 8.05456404]
CHOLAFIN,Cholamandalam Investment and Finance Company Limited,Finance,M,7.679687500000002,1.3122676579925652,5.551615664455382,2.6460165036193133,5.69774067980256,4.130965451314922,1.6753148320895521,[6.7640237  7.60717192 7.54928648],[9.27215095 9.256459   9.24427534],[4.0852108  3.95787262 3.89028004],[7.83373886 7.91691912 7.90585439]
SRTRANSFIN,Shriram Transport Finance Company Limited,Finance,M,9.085937500000002,2.684014869888476,5.551615664455382,6.371792995530739,5.4343753762189495,4.359780746435225,1.2314833603896105,[6.37491839 6.7118919  6.99394021],[9.43637141 9.43757264 9.40377496],[4.93396124 4.83109073 4.70213472],[7.84077724 7.89399123 7.84690662]
AAVAS,Aavas Financiers Limited,Finance,S,3.5522388059701497,1.0,5.551615664455382,4.6919934114269415,3.3340577809420315,7.746854409262742,4.346306442471189,[4.07603905 4.30712323 4.5084203 ],[5.22570228 5.14333613 5.10795675],[2.38118783 2.30884802 2.27714787],[9.01065272 8.99303419 8.99826189]
LICHSGFIN,LIC Housing,Finance,S,8.052238805970148,3.6,5.551615664455382,5.161525861989639,2.654176190654626,8.44025760918697,1.5469740339398896,[3.51171662 3.76498437 3.73250382],[8.03471721 7.82004651 7.7072933 ],[10.          9.36409451  9.06840647],[9.12739923 9.13819698 9.14035299]
MOTILALOFS,Motilal Oswal,Finance,S,4.35820895522388,2.2941176470588234,5.551615664455382,4.702676837853009,3.8856521902049685,7.1842897893242155,3.541905855338691,[ 5.33549044  4.0528327  10.        ],[5.45211906 5.39297014 5.31479042],[2.3468783  2.32277203 2.27634178],[8.72522836 8.75121253 8.80156641]
IDFC,IDFC Limited,Finance,S,8.723880597014926,1.0,5.551615664455382,4.229334793370938,9.94934612358077,1.0,1.335390355912744,[1.         2.3769809  2.91730545],[4.94131576 5.01424533 5.0043444 ],[2.069586   2.09442447 2.09266918],[9.14084052 9.10680372 9.05665622]
TCS,Tata Consultancy Services(TCS),IT,L,4.331491712707183,1.9202453987730062,7.70425850631286,3.7746822441905254,7.409103892147156,3.356719771899496,1.0833604159896002,[4.81635971 5.2509098  5.16085376],[9.88733784 9.57172801 9.39530657],[3.23956858 3.07558531 2.98122326],[3.96508609 3.99847932 3.99917343]
INFY,Infosys,IT,L,4.530386740331492,2.334355828220859,7.70425850631286,2.680556829228032,7.388967171909514,3.371053919499254,1.0759668508287292,[5.07371322 5.22034571 5.13094868],[7.71843194 7.6216317  7.55665446],[2.27755249 2.19612228 2.16882757],[3.69302795 3.76376671 3.81191925]
HCLTECH,HCL Tech,IT,L,4.828729281767956,1.7730061349693251,7.70425850631286,2.4957357445481723,7.38318798080585,3.375167785973511,1.0662983425414365,[5.09978818 5.51744267 5.47634051],[6.59400551 6.51735134 6.47651396],[1.77867448 1.68893043 1.65356078],[4.59744407 4.682438   4.71874842]
TATAELXSI,Tata Elxsi,IT,M,4.09375,1.6022304832713754,7.70425850631286,4.12414864514967,5.8874994983747335,4.141580241538996,3.775225903614458,[7.04008907 6.74755396 6.79253709],[9.14039459 9.13720046 9.13411442],[3.18931649 3.18498489 3.18016128],[6.38921773 6.39795032 6.36751261]
PERSISTENT,Persistent Systems Limited,IT,M,4.7265625,1.4572490706319703,7.70425850631286,4.378052212678292,5.559412496488623,4.366807550048715,3.235478940217391,[7.37809004 6.98587465 6.72795448],[9.1599635  9.15129484 9.1486244 ],[3.21578112 3.20356963 3.20017769],[6.4164434  6.38820638 6.38107725]
OFSS,Oracle Finance,IT,M,4.7265625,7.066914498141265,7.70425850631286,10.0,5.701207913640194,4.269466905706007,3.235478940217391,[6.22932997 5.80918961 5.9134482 ],[9.31654327 9.2848939  9.28246628],[3.44297352 3.41349632 3.40637857],[7.48218773 7.27495266 7.22284927]
FSL,Firstsource Solutions Limited,IT,S,5.768656716417912,3.6588235294117646,7.70425850631286,4.285567712311246,2.84903511072807,8.360491066845517,2.5489738805970146,[4.5662996  3.95096465 3.78115674],[5.23184262 5.18365772 5.17230756],[2.22837877 2.19269884 2.1852452 ],[8.71362756 8.69513288 8.68463014]
NIITLTD,NIIT Limited,IT,S,7.380597014925375,1.4705882352941178,7.70425850631286,4.640646710774526,2.456484430621651,8.676830858350566,1.789672958735733,[3.27723718 3.51212008 3.50440407],[5.76541102 5.34037702 5.25076221],[2.41358612 2.24363114 2.20833324],[10.          9.28435043  9.13565317]
SONATSOFTW,Sonata Software,IT,S,3.216417910447761,3.1294117647058823,7.70425850631286,4.551411114076173,2.925656686776333,8.29874501819436,4.758471157724889,[3.20609228 3.62556566 3.69829939],[5.13507569 5.11473618 5.10368723],[2.17531291 2.16091662 2.15473515],[8.70946141 8.6893234  8.68829681]
BSOFT,Birla Soft,IT,S,6.3059701492537314,1.835294117647059,7.70425850631286,4.3659418622841,2.8938209615168438,8.324400066577589,2.2621268656716427,[3.81189899 4.20886088 3.77573432],[5.10087306 5.10419373 5.10405137],[2.19582564 2.17660035 2.17531114],[8.60963426 8.63273492 8.62729522]
TATASTEEL,Tata Steel,Metals,L,7.76243093922652,2.7116564417177917,1.0,3.533958146103479,7.335088354025441,3.348438598708225,1.0163326208815582,[5.00611342 4.82848842 5.08432463],[6.78083776 6.58087552 6.43022292],[2.01665568 1.98430482 1.91640753],[3.73636625 3.60865152 3.53656163]
JSWSTEEL,JSW Steel,Metals,L,7.364640883977901,1.8190184049079754,1.0,2.3756212974341104,7.3436476502399275,3.33085021288889,1.0204291404342798,[5.14261781 4.79647219 5.09646031],[6.3087741  6.27556319 6.18972468],[1.84081324 1.85585221 1.81567105],[3.16394488 3.14704348 3.14349994]
NMDC,NMDC,Metals,L,6.071823204419889,5.233128834355828,1.0,2.0694752673183796,7.333612613298805,3.3514710790219038,1.03813763879204,[6.21031394 5.17758559 5.43814676],[6.03821284 5.98810686 5.93177861],[1.46322862 1.44432085 1.41679244],[5.73906859 5.79828175 5.69407794]
JINDALSTEL,Jindal Steel & Power,Metals,M,8.804687500000002,1.2007434944237918,1.0,2.560199934706008,4.075869818211004,6.485109090517296,1.3107812499999998,[8.10933471 8.08092053 7.99729347],[9.62507487 9.34039735 9.26517534],[4.55640897 4.14449022 4.02575946],[6.50043501 6.29033068 6.25858362]
SAIL,SAIL,Metals,M,10.000000000000002,3.9553903345724906,1.0,2.078836866338696,4.594365745013845,5.457608304634359,1.0,[6.93071436 6.50704287 6.96424998],[9.49620987 9.35467787 9.22650838],[4.92007109 4.57740094 4.29602942],[6.07474401 5.965603   5.87078998]
APLAPOLLO,APL Apollo tubes,Metals,M,4.1640625,1.0,1.0,2.211766427630616,6.667193707612665,1.349895494423052,3.709542410714286,[6.06021129 6.97022797 7.51543943],[9.11629334 9.11528605 9.11423779],[3.1615414  3.16181243 3.1596591 ],[5.62921219 5.6451786  5.65728538]
TINPLATE,Tinplate,Metals,S,8.723880597014926,1.5647058823529412,1.0,4.357204641447278,3.0303368681380447,7.093611493641442,1.335390355912744,[3.71067093 3.70622394 4.51356232],[5.01464552 4.99569904 4.98269129],[2.1306353  2.12684157 2.12060612],[8.51231947 8.50954223 8.51699316]
KSL,Kalyani Steel,Metals,S,5.902985074626864,3.7882352941176474,1.0,4.910465340977059,2.562311237681268,8.182372400093199,2.4734878240377065,[3.46778214 3.39461001 3.46462144],[5.09666341 5.07207454 5.07522536],[2.16322826 2.15586752 2.16075735],[8.61249296 8.59248658 8.59938263]
USHAMART,Usha Martin,Metals,S,6.776119402985074,1.0,1.0,4.206725681632053,2.486768838760445,8.358105533862615,2.0407803502174167,[3.4031166  3.5034013  3.12459581],[5.19961345 4.97988689 4.87648594],[2.24254058 2.11895878 2.14554259],[8.68696598 8.53744216 8.54088039]
SUNFLAG,Sunflag Iron & Steel,Metals,S,8.388059701492537,1.0,1.0,4.339854425662308,2.575193914640087,8.152403624602165,1.4376791538993778,[3.69091549 3.45948327 3.72086178],[5.03474674 5.0387731  5.02626879],[2.14436133 2.15137808 2.14409411],[8.53763161 8.53764709 8.53546481]
DABUR,Dabur,FMCG,L,2.988950276243094,1.8006134969325154,7.3036593194949715,1.8761256717348642,7.572549318302994,3.232189578851687,1.1710012127745588,[5.33324416 5.08325289 5.04351076],[5.52051004 5.51286586 5.50652633],[1.17225459 1.16922027 1.16685757],[3.3217108  3.37280907 3.37882553]
ITC,ITC,FMCG,L,5.12707182320442,4.809815950920245,7.3036593194949715,1.9713698806008475,7.408675451291036,3.3535825995483015,1.058011049723757,[4.62393656 4.83676624 4.8041236 ],[7.33439559 7.17577209 7.09751289],[2.03713065 2.01712405 1.99043689],[4.70270852 4.7348569  4.69717858]
HINDUNILVR,HUL,FMCG,L,3.8839779005524866,2.334355828220859,7.3036593194949715,2.45078223868826,7.580984842714602,3.2259407863617264,1.1036613915160596,[5.56996151 5.15251428 5.12753063],[6.38015277 6.25909936 6.20241422],[1.61070152 1.55230159 1.52519322],[3.36450289 3.26862097 3.22272892]
PGHH,PGHH(P&G),FMCG,M,1.6328125,2.8178438661710037,7.3036593194949715,9.16837969582006,7.612014928367911,2.882758965156727,7.798339843750002,[7.49413698 7.05738964 6.89918582],[9.17163067 9.16175941 9.16075808],[3.23440308 3.22437247 3.22507379],[6.24964514 6.25879797 6.31165664]
COLPAL,ColPal,FMCG,M,1.1406249999999996,3.6654275092936803,7.3036593194949715,3.407524569678821,6.488125526706529,3.685649759472305,9.427210365853659,[6.51930498 6.35739819 6.3613546 ],[9.22363926 9.20997852 9.20325813],[3.32519873 3.31227542 3.30262573],[6.44872214 6.4237604  6.39567424]
EMAMILTD,Emami,FMCG,M,1.0,2.9182156133828996,7.3036593194949715,2.3501671751342466,6.945728159235924,3.35874486957005,10.0,[6.60512542 6.2190198  6.1989094 ],[9.14988984 9.14482148 9.14486535],[3.23877824 3.2324977  3.23283321],[6.54479439 6.50458886 6.52216545]
GILLETTE,Gilette,FMCG,S,1.0,3.7411764705882353,7.3036593194949715,5.838184277603452,4.881395435980066,6.637933266765512,10.0,[4.00811468 3.67446775 3.60760137],[5.22688758 5.20898893 5.20836512],[2.23803234 2.22987636 2.2304515 ],[8.62211417 8.61866505 8.62073667]
RUCHI,Ruchi Soya,FMCG,S,3.6194029850746268,1.0,7.3036593194949715,4.550168855189422,2.4996515157192642,8.635282631452295,4.270055970149254,[4.13213589 3.78552126 3.4807146 ],[10.          5.76916549  5.28740632],[4.02186062 2.50463249 2.36565364],[8.69671643 8.49759853 8.48337611]
DAAWAT,LT foods,FMCG,S,4.761194029850746,2.447058823529412,7.3036593194949715,4.259811544725921,3.450069322141867,7.838254711827197,3.2143406677950463,[3.44044755 3.55925106 3.57044164],[5.01370461 4.98462504 4.97433065],[2.13666546 2.129537   2.12876697],[8.51309551 8.50992112 8.51048945]
ADFFOODS,ADF Foods,FMCG,S,4.156716417910447,1.4588235294117649,7.3036593194949715,4.493604667212647,3.103653464233522,8.128761801117843,3.7224389416553607,[4.06084896 3.84133285 3.74722649],[4.93826086 4.93353799 4.92966316],[2.07012354 2.06811386 2.06635325],[8.62801592 8.62850714 8.6171814 ]
BHARTIARTL,Bharti,Telecom,L,5.276243093922652,1.0,6.117269420072758,1.0,9.545747962525708,1.5418312097075637,1.0542960563916937,[5.56166545 4.97870271 4.7205165 ],[1.         3.1065133  3.27202542],[1.         1.47564228 1.48426334],[1.         2.5289391  2.52558506]
INDUSTOWER,Indus Tower,Telecom,L,7.314917127071824,9.401840490797547,6.117269420072758,2.0475762522238323,7.390252494477874,3.357037221603768,1.0209772099447514,[10.          6.45678696  6.11201903],[5.6998461  5.7036735  5.70751364],[1.37827004 1.34503739 1.33765886],[5.8355449  6.21921537 6.38533494]
TATACOMM,Tata communication,Telecom,L,5.077348066298343,2.039877300613497,6.117269420072758,2.018029088641491,7.383625942569885,3.362617635499242,1.0593090594421888,[5.05245162 4.93211286 4.90419475],[5.42273259 5.375036   5.38752422],[1.17993724 1.15957981 1.16501352],[3.74734731 3.30359387 3.52326195]
IDEA,Vodafone Idea,Telecom,M,7.257812500000002,1.0,6.117269420072758,1.4536018642560424,4.25190416950921,5.348973876700208,1.83551025390625,[5.40578752 7.21913986 6.47684815],[1.         4.42134199 5.33414522],[1.         2.52605523 2.95074228],[4.39802554 5.25904134 5.49324506]
TTML,TTML,Telecom,M,3.1093749999999996,1.0,6.117269420072758,0.9999999999999999,4.902732854448413,4.82041377236202,4.894701086956523,[5.69983559 4.59793924 4.31407162],[8.71082515 8.5481253  8.59419799],[2.95054214 2.7854124  2.84351761],[2.01117357 1.         1.82482667]
AFFLE,Affle,Telecom,M,7.046875000000002,1.0,6.117269420072758,2.032939693118238,9.049255588105462,1.4528816714264612,1.9213750000000003,[9.69942197 9.76169202 9.36771425],[9.10221151 9.10100418 9.1004257 ],[3.12456031 3.12270072 3.12177931],[6.20515947 6.20568301 6.10493809]
HFCL,HFCL,Telecom,S,8.58955223880597,1.2117647058823529,6.117269420072758,4.246974869562817,2.760272791996103,8.363128258003705,1.3755088195386707,[3.90499811 3.83636435 4.09199574],[5.15730923 5.13054222 5.11399323],[2.25643252 2.22558933 2.20755105],[8.54064049 8.52802563 8.52682878]
ITI,ITI,Telecom,S,4.962686567164178,1.0,6.117269420072758,4.261509298537815,10.0,1.4611122264369518,3.065298507462687,[3.8783729  3.93997449 3.80516533],[4.99356673 5.04379535 5.07946311],[2.16724099 2.17855141 2.19085507],[8.54167096 8.57312364 8.59076676]
HATHWAY,Hathway,Telecom,S,6.3731343283582085,1.0,6.117269420072758,4.222005465939102,3.8059954284857795,7.36618539064752,2.2289379548538304,[3.71304193 3.60475579 3.19364996],[4.97469357 5.02371551 4.96050785],[2.20463861 2.17205118 2.16983843],[8.89950906 8.81873212 8.77401699]
MTNL,MTNL,Telecom,S,3.5522388059701497,1.0,6.117269420072758,3.201655424990568,2.281657735976318,8.819417382536697,4.346306442471189,[3.09417986 3.01885868 3.02326491],[1.13452852 1.07167095 1.11788422],[1.99114082 1.8928388  1.88748885],[8.40946214 8.32812615 8.33080693]
CIPLA,Cipla,Pharma,L,1.0,1.450920245398773,4.449390113417505,2.3151514039946446,7.425594104653821,3.300016832488384,10.0,[5.12990572 4.98517449 4.97081916],[5.67871929 5.62810559 5.59805559],[1.2716016  1.24747773 1.23271357],[3.57133394 3.37468604 3.22718719]
DRREDDY,Dr Reddys,Pharma,L,2.9392265193370166,1.5337423312883436,4.449390113417505,4.4592740678245875,7.461602178383732,3.2624711232581367,1.1765193370165745,[5.272168   5.26821199 5.06439432],[5.70262902 5.5865006  5.57636101],[1.27157102 1.23001736 1.22458111],[3.68872383 3.31765884 3.30223865]
SUNPHARMA,Sun Pharma,Pharma,L,4.18232044198895,1.7453987730061349,4.449390113417505,1.8404159712414945,1.0,10.0,1.0895027624309392,[4.74713979 5.28149786 5.33241391],[5.71868497 5.5689668  5.52248258],[1.26365209 1.21288381 1.19455478],[3.58005702 3.0786587  2.87224712]
BIOCON,Biocon,Pharma,M,2.6171875000000004,1.0,4.449390113417505,2.1293946796654244,8.651896143504956,1.0547110716828092,5.644027217741936,[6.11760917 5.61002129 5.56471525],[9.14698424 9.1473165  9.15155183],[3.20039213 3.19892158 3.20318431],[6.38497444 6.36938367 6.36512272]
LUPIN,Lupin,Pharma,M,3.4609375000000004,1.936802973977695,4.449390113417505,3.757275214175551,5.9418194951643315,3.779864031281234,4.446262668918919,[5.97734093 6.22482214 5.75041492],[9.23274664 9.26316969 9.31535296],[3.40009163 3.44567411 3.51626408],[6.03386173 6.13565082 6.24131237]
ZYDUSLIFE,Cadila,Pharma,M,3.0390625000000004,2.070631970260223,4.449390113417505,2.5693185783921915,6.208435330470724,3.511764996847688,4.992302389705882,[7.79085852 6.81066598 8.20838921],[9.29397315 9.28337465 9.26426616],[3.45173277 3.4368002  3.3998489 ],[6.52877139 6.56717587 6.53197399]
GRANULES,Granules,Pharma,S,3.9552238805970146,1.5647058823529412,4.449390113417505,4.457620568126398,2.8385805823059918,8.16463519133425,3.9157155399473225,[4.42914819 4.13240982 4.1167226 ],[5.50567142 5.29309637 5.24870688],[2.39157582 2.2943909  2.27241045],[8.6627175  8.6235553  8.62284213]
FDC,FDC,Pharma,S,1.8059701492537314,1.0,4.449390113417505,4.474184019949758,2.9135159440926293,8.076180232260583,7.338777809067867,[3.48135753 3.70643421 3.68715246],[5.22732137 5.16578963 5.15767338],[2.22144387 2.19418095 2.19006579],[8.67018928 8.65389887 8.65512015]
ALEMBICLTD,Alembic,Pharma,S,4.425373134328359,1.2941176470588236,4.449390113417505,4.252482217294085,4.215880391201709,6.538847374696726,3.4843445814406233,[3.44222446 3.11067648 3.10847421],[4.96193632 4.95459845 4.94972039],[2.07327356 2.07081703 2.06891486],[9.04789681 8.891522   8.83523472]
UNICHEMLAB,Unicam lab,Pharma,S,1.3358208955223883,2.6117647058823534,4.449390113417505,5.774994708897334,3.6592273391538956,7.195929982468983,8.722420506164829,[4.12876918 4.04305975 4.0077471 ],[4.8952479  5.67963561 5.54841677],[2.08068407 2.35673095 2.30620148],[8.49915326 9.2124513  9.09294956]
SIEMENS,Siemens Limited,Capital Goods,L,5.574585635359116,1.303680981595092,6.417718810186176,2.4610164517726467,7.530514509863662,3.2457104940180566,1.0475851006950634,[6.20879082 4.79609279 4.9511807 ],[5.47145561 5.47575037 5.48066545],[1.16463787 1.16995944 1.17233964],[2.44426049 2.45203948 2.50714715]
HAVELLS,Havells India,Capital Goods,L,5.972375690607735,1.478527607361963,6.417718810186176,2.027878143168938,7.539549851473837,3.2383563963939603,1.0398774684098244,[5.16923461 5.10542182 5.40455627],[5.46530699 5.45564786 5.4477426 ],[1.1614497  1.15652268 1.15206094],[2.53689531 2.50859827 2.51490798]
BEL,Bharat Electronics Limited,Capital Goods,L,5.3259668508287294,2.684049079754601,6.417718810186176,1.889496175925756,7.369582603397061,3.376697124302669,1.0531140130587644,[5.081683   5.18698256 5.30070676],[5.61306225 5.59420249 5.5871542 ],[1.23802158 1.22717333 1.22135267],[3.14279904 3.16110403 3.20667634]
THERMAX,Thermax Limited,Capital Goods,M,3.1796874999999996,1.3903345724907064,6.417718810186176,2.8241340102894323,7.339909306151931,2.906781560150469,4.799888392857143,[5.74520962 6.44036494 5.7632715 ],[9.12213981 9.12751297 9.12555208],[3.16289281 3.17105938 3.17055976],[5.78296668 5.8452058  5.82958224]
BHEL,Bharat Heavy Electricals Limited,Capital Goods,M,9.015625000000002,1.0,6.417718810186176,1.9120670051447162,5.848493117701352,4.077446340687865,1.2509191176470589,[4.39331571 4.7918983  5.10956725],[8.81394115 9.02432984 9.05252673],[2.95202237 3.24320216 3.27429563],[5.24428785 5.51102794 5.54578082]
VGUARD,V-Guard Industries Limited,Capital Goods,M,2.4765624999999996,1.6022304832713754,6.417718810186176,2.159080930777111,6.87378305710502,3.272660372026665,5.890234375,[6.66128342 6.39849277 6.50650393],[9.12411508 9.12121558 9.12050847],[3.16242969 3.15613388 3.15500011],[5.85064124 5.80530494 5.80771267]
BEML,BEML Limited,Capital Goods,S,4.08955223880597,1.4,6.417718810186176,4.636547256448244,4.075857158916326,7.165829775734562,3.78538342768914,[3.94959061 3.59417781 3.76464354],[4.98409654 4.99929771 4.99940036],[2.12207008 2.14392444 2.14357294],[8.48618094 8.49700529 8.50007147]
HEG,HEG Limited,Capital Goods,S,7.985074626865671,1.2470588235294118,6.417718810186176,8.588089957947236,0.9999999999999998,10.0,1.5697375193000518,[2.40204275 3.76195878 5.13754386],[4.91376669 6.16740499 5.90101548],[2.08959216 2.78744948 2.64717324],[8.48817255 8.72117058 8.68185433]
MTARTECH,Mtar Technologies Limited,Capital Goods,S,6.507462686567164,1.2,6.417718810186176,4.3716562531631595,2.7546745606475063,8.38319982491798,2.164179104477612,[3.89270901 3.91985527 4.17738572],[4.94390631 4.93389236 4.92275664],[2.07965987 2.0733897  2.06715138],[8.68509794 8.66399415 8.60404709]
ENGINERSIN,Engineers India Limited,Capital Goods,S,2.2761194029850746,4.470588235294118,6.417718810186176,4.334222852042366,2.9802900288529997,8.175312199100206,6.2779850746268675,[3.41113577 4.05783143 4.06982234],[5.3180335  5.335813   5.32741081],[2.28671826 2.29818906 2.29469595],[8.57585657 8.61936309 8.63957872]
PAGEIND,Page Industries limited,Textile,L,5.3259668508287294,1.5153374233128836,4.501390969398674,10.0,7.63318798080585,3.0861981999134898,1.0531140130587644,[4.44727508 4.82640069 5.02823282],[5.38820175 5.39022414 5.38767774],[1.11756722 1.11891809 1.11756636],[2.86964232 2.99733534 2.99453689]
CENTURYTEX,Century Textiles & Industries Limited,Textile,L,7.662983425414365,1.1104294478527608,4.501390969398674,5.157511508904499,7.51773745144337,3.205691431872772,1.0173112338858195,[3.44846865 4.04171286 3.57721624],[5.37390265 5.58511233 5.53901977],[1.11567462 1.19397711 1.18283848],[2.67654419 5.67738863 5.02214444]
RAYMOND,Raymond Limited,Textile,L,7.116022099447513,1.0,4.501390969398674,1.8592337178805276,7.51216772031381,3.211456196898022,1.023257886294778,[2.38459051 3.98829764 4.23492947],[5.33806886 5.34501057 5.34492277],[1.10452333 1.10695752 1.10649567],[2.22412476 2.28452139 2.26404254]
KPRMILL,K.P.R. Mill Limited,Textile,M,5.2890625,1.1561338289962826,4.501390969398674,2.3847167028785643,5.506970584694409,4.221445210343658,2.837265625,[6.11000401 6.4345655  6.58068618],[9.14737956 9.14015285 9.13820247],[3.20773667 3.19940184 3.19708083],[6.15017854 6.10539336 6.11831224]
VTL,Vardhman Textiles Limited,Textile,M,5.359375,1.8475836431226766,4.501390969398674,3.0695268437109497,5.338881977607448,4.389223029065505,2.791924504950495,[5.26898359 5.94798916 6.00668884],[9.15881686 9.17053895 9.18321117],[3.26507981 3.2803385  3.30015104],[6.00640669 6.05732577 6.14347674]
TRIDENT,Trident Limited,Textile,M,4.7265625,1.7472118959107807,4.501390969398674,1.995857208794425,5.368208997150768,4.359950233878109,3.235478940217391,[5.64559989 5.96906507 5.9431115 ],[9.14468824 9.14296725 9.14312728],[3.24538118 3.25350455 3.25582497],[6.08217068 6.10135198 6.116258  ]
LUXIND,Lux Industries Limited,Textile,S,4.62686567164179,1.5764705882352943,4.501390969398674,5.352046966587837,3.299861355716266,7.628890517224035,3.3189316575019636,[3.92389597 4.07210577 4.00888728],[5.1740684  5.09008316 5.0659678 ],[2.19582785 2.15973205 2.14795111],[8.58647558 8.57365668 8.56746592]
DOLLAR,Dollar Industries Limited,Textile,S,5.970149253731343,1.4823529411764707,4.501390969398674,4.4599808600112265,2.842694945104358,8.164559681933723,2.436729396495783,[3.68131763 3.60004699 3.6021563 ],[4.98626552 4.98398657 4.97714115],[2.10299522 2.10440432 2.10200863],[8.54190345 8.54570226 8.54343261]
RUPA,Rupa & Company Limited,Textile,S,4.291044776119403,2.3176470588235296,4.501390969398674,4.491865504771194,3.096976055757485,7.866614454587083,3.600746268656717,[4.38335731 3.67207155 3.63029024],[5.05606382 5.03376612 5.02519102],[2.13486482 2.12916205 2.1255559 ],[8.57889222 8.57211865 8.56724238]
ARVIND,Arvind Limited,Textile,S,9.932835820895523,1.0,4.501390969398674,4.3350924332630925,3.860628770562446,6.971830405775769,1.0158260422027792,[2.6397191  3.25868467 3.35713908],[5.05794564 5.1145926  5.07553329],[2.32242805 2.33482793 2.32643769],[8.53126189 8.52940122 8.52705905]
TATAPOWER,Tata Power Company Ltd,Power,L,8.209944751381215,1.5245398773006134,2.7641771881018613,1.691414632356987,7.443712392413741,3.2302294613153197,1.0122606523878,[3.63661585 4.35692735 4.53812885],[5.41551896 5.32872484 5.34219622],[1.21891217 1.19246497 1.1955448 ],[4.42682048 3.61625824 3.71020031]
POWERGRID,Power Grid Corporation of India Limited,Power,L,3.6353591160220997,5.739263803680982,2.7641771881018613,2.0747574418135466,7.3406866478787425,3.3716992330906477,1.1178637200736647,[4.84359046 5.05238581 5.14644172],[6.95054195 6.78895708 6.71212899],[2.77437976 2.63145296 2.54831573],[8.61710457 8.49501166 8.46078481]
NTPC,NTPC Limited,Power,L,4.928176795580111,4.800613496932515,2.7641771881018613,2.002017497203015,7.342238555868689,3.369568231076104,1.0633977900552487,[4.71593872 4.93827552 4.94624164],[7.03093996 6.96758892 6.90786346],[2.72247323 2.47419577 2.40469266],[4.04197211 3.77192444 3.72055964]
NHPC,NHPC Limited,Power,M,1.9140625,7.033457249070632,2.7641771881018613,2.1072059800290446,5.255668365504233,4.3644727437149236,7.064453125,[5.7438835  6.54846807 6.30770784],[9.52122992 9.49271772 9.48961371],[3.99830558 3.98402639 3.98925923],[7.73557258 7.85396241 7.92188746]
TORNTPOWER,Torrent Power Limited,Power,M,4.5859375,3.2973977695167287,2.7641771881018613,2.976111405059158,5.486167181668606,4.059236938320615,3.34609375,[4.95468277 6.07739992 6.35781464],[9.27186412 9.24636568 9.22843306],[3.57530858 3.59317665 3.57604974],[6.28261853 6.32476892 6.32759825]
ADANIPOWER,Adani Power Limited,Power,M,9.71875,1.0,2.7641771881018613,1.7489446014252101,1.0,10.0,1.067292944785276,[1.47211243 1.         1.72851078],[8.97334651 9.0272646  8.87721033],[3.12058872 3.2640668  3.17768867],[5.89196574 6.33026824 6.0405682 ]
SJVN,SJVN Limited,Power,S,2.6119402985074625,10.0,2.7641771881018613,4.2942635245185095,2.550237943568029,8.408840952092612,5.660160734787601,[3.28160204 3.60529173 3.46686313],[6.84592828 6.66223729 6.68648829],[3.21780522 3.13543026 3.14864551],[9.20972192 9.17781695 9.17742985]
CESC,CESC Limited,Power,S,3.082089552238806,7.447058823529413,2.7641771881018613,4.355134209969358,2.6156630569190993,8.307137117156243,4.9393656716417915,[3.18544872 3.39530319 3.47082505],[5.95496742 5.9752947  5.97043497],[2.96355407 2.98163239 2.97770748],[8.65781017 8.65651881 8.65764791]
NLCINDIA,NLC India Limited,Power,S,2.7462686567164183,5.270588235294118,2.7641771881018613,4.44333459092875,2.512196949825758,8.467975965395821,5.438850523501893,[3.29924986 3.38336058 3.40547683],[6.39696221 6.59861905 6.83713628],[3.79957198 3.69523648 3.63162204],[8.83656331 8.80939987 8.78962957]
PTC,PTC India Ltd,Power,S,4.156716417910447,9.858823529411765,2.7641771881018613,4.442092332041998,2.529801026717128,8.440610294345932,3.7224389416553607,[3.57478092 3.87903801 3.65357259],[5.34285149 5.29738239 5.28831546],[2.28756328 2.29049762 2.29041157],[8.47240954 8.47719631 8.47721404]
RELIANCE,Reliance Industries Limited,Crude oil,L,6.370165745856354,1.2484662576687118,1.5392681361010059,3.030445866881866,7.405733490745678,3.2346902276167535,1.0333012316893913,[3.28185547 4.50125504 4.7885141 ],[ 9.79011273 10.          9.95806503],[3.83310011 3.98678665 3.90425032],[2.934901   2.91650786 2.94451986]
ONGC,Oil & Natural Gas Corporation Limited,Crude oil,L,3.8839779005524866,2.932515337423313,1.5392681361010059,2.0799845936577226,7.337316246477265,3.3567551673371403,1.1036613915160596,[3.17623679 4.4317298  4.60052392],[7.08955757 7.86848221 7.86975641],[2.93692747 3.24259644 3.18143651],[5.01930537 5.21498208 5.20701872]
IOC,Indian Oil Corporation Limited,Crude oil,L,5.176795580110497,10.0,1.5392681361010059,2.1557507840727768,7.374838144565467,3.289811397863435,1.0567435814104646,[3.52896621 4.54394268 4.79062037],[6.97903039 7.51334361 7.61981721],[2.37513998 2.69029342 2.71458043],[1.94088113 2.00898488 2.0438833 ]
HINDPETRO,Hindustan Petroleum Corporation Limited,Crude oil,M,4.1640625,10.0,1.5392681361010059,4.116752411937543,5.2011316665997835,4.327272226291059,3.709542410714286,[4.88052246 6.21965488 6.50142432],[10.          9.96896362  9.96318856],[4.95448784 4.98895187 4.97477215],[5.63455254 5.6363023  5.64481174]
OIL,Oil India Limited,Crude oil,M,1.0703125,3.342007434944238,1.5392681361010059,2.9777324972700354,5.252706769934588,4.238533261790565,9.706445312500001,[3.61824852 5.63894615 5.96127049],[9.39138373 9.42299682 9.40001645],[3.62893477 3.79338731 3.76641369],[6.55557125 6.78405952 6.77312686]
MRPL,Mangalore Refinery and Petrochemicals Limited,Crude oil,M,5.2890625,1.0,1.5392681361010059,2.148847786195949,5.092780609173722,4.513698622300502,2.837265625,[2.97562794 5.23848344 5.66259586],[8.89594221 9.08366685 9.18537644],[3.00108279 3.29292489 3.45823832],[5.43066555 5.54821396 5.63464409]
SELAN,Selan Exploration Technology Limited,Crude oil,S,4.022388059701493,4.011764705882353,1.5392681361010059,4.504081050490923,2.8979353243152097,7.586982635886329,3.8497917389795213,[2.29721736 3.2495288  3.55413146],[4.91413939 4.92785282 4.92376354],[2.06395844 2.06989238 2.06917234],[8.83752477 8.92574757 8.94575121]
CHENNPETRO,Chennai Petroleum Corporation Limited,Crude oil,S,6.91044776119403,1.0,1.5392681361010059,4.18709799122137,2.2754524674935364,8.844250204762119,1.9819507115584867,[2.44464329 3.29093005 3.45667699],[3.77240199 4.54821765 4.86955988],[2.05644839 2.35009025 2.45918087],[8.46278402 8.47031796 8.47629519]
ABAN,Aban Offshore Limited,Crude oil,S,4.6940298507462686,1.0,1.5392681361010059,1.0000000000000004,3.0255480196350284,7.329235291611435,3.2660914179104483,[2.56855109 2.62358548 2.62212536],[2.031923   3.44571125 3.78749318],[1.         1.58577065 1.7329725 ],[1.         4.98837922 5.78492975]
TNPETRO,Tamilnadu PetroProducts Limited,Crude oil,S,5.902985074626864,3.5058823529411764,1.5392681361010059,4.35223560590027,2.6818975531157494,8.02332763784853,2.4734878240377065,[3.32088399 3.58430579 3.67930793],[5.00459491 4.98297845 4.9679789 ],[2.1138411  2.10312352 2.10006199],[8.54428081 8.52984343 8.52894059]
DLF,DLF Limited,Reality,L,10.0,1.469325153374233,5.462443826235822,1.8136749628597106,7.564685048366213,3.1912243996351863,1.0,[7.85863569 5.37399577 4.97136712],[5.57631357 5.49532179 5.481111  ],[1.23911552 1.20494075 1.20336124],[10.          7.69427521  7.34256923]
OBEROIRLTY,Oberoi Realty Limited,Reality,L,8.110497237569062,1.0,5.462443826235822,1.991453148212681,7.490964658389825,3.2583780841261394,1.013121546961326,[6.49791661 4.68796014 4.79319297],[5.39157666 5.39651262 5.39424854],[1.11526634 1.11904077 1.11844112],[6.65674614 6.53151126 6.391117  ]
GODREJPROP,Godrej Properties Limited,Reality,L,8.657458563535913,1.0,5.462443826235822,1.8948333730719147,6.724950491278849,3.9561588976873083,1.008661557654607,[1.         6.81744215 5.71821513],[5.36395212 5.36299757 5.36392026],[1.12078453 1.11695503 1.11596618],[5.26977366 5.31891078 5.19858576]
BRIGADE,Brigade Enterprises Ltd,Reality,M,7.257812500000002,1.2676579925650557,5.462443826235822,2.46465681252744,5.646526746659175,4.168487701727345,1.83551025390625,[4.53606532 6.72466777 6.21276268],[9.12555398 9.12587166 9.12475818],[3.19798192 3.19896663 3.19720473],[6.52835431 6.60879152 6.59798532]
PRESTIGE,Prestige Estates Projects Limited,Reality,M,6.906250000000002,1.3345724907063197,5.462443826235822,2.383298247194047,6.203812352020546,3.6789243113577625,1.9809451219512195,[7.63566314 7.02793992 7.51670751],[9.13028974 9.13184934 9.14110387],[3.28447017 3.25554322 3.25271381],[6.4835699  6.42854591 6.48906088]
PHOENIXLTD,The Phoenix Mills Limited,Reality,M,4.1640625,1.100371747211896,5.462443826235822,2.537605962016909,6.842000080260042,3.1182901501244173,3.709542410714286,[2.40772785 5.08994267 5.42069044],[9.12789067 9.12409677 9.12251317],[3.17111671 3.16794033 3.16598923],[9.37972342 8.67987771 8.51919634]
NBCC,NBCC (India) Limited,Reality,S,8.052238805970148,2.388235294117647,5.462443826235822,4.248921075152062,3.676156930340615,7.382260811280478,1.5469740339398896,[3.3593086  3.4004104  3.38412149],[5.06867444 5.20190157 5.22665052],[2.16025078 2.22217164 2.23076473],[8.48577646 8.49754408 8.49938806]
SOBHA,Sobha Limited,Reality,S,6.64179104477612,1.5764705882352943,5.462443826235822,4.64313122854803,3.1908644658447933,7.882710846212577,2.101492537313433,[2.33234551 3.4650975  3.5992234 ],[5.11352644 5.15185013 5.13506958],[2.46921801 2.39614821 2.36465466],[8.69510716 8.64959775 8.63904899]
SUNTECK,Sunteck Realty Limited,Reality,S,5.902985074626864,1.3647058823529412,5.462443826235822,4.394099730383812,3.9443324465095366,7.105709131101183,2.4734878240377065,[4.04498262 4.064192   3.84952209],[4.97276898 5.03059208 5.04249641],[2.09640098 2.11349381 2.11564927],[8.74451957 8.93272819 8.96782422]
JMCPROJECT,JMC Projects (India) Ltd,Reality,S,5.365671641791044,1.9058823529411764,5.462443826235822,4.330537484011668,2.7784164574511934,8.308041209466195,2.7925232328921425,[3.47458952 3.76763205 3.81904432],[4.98830619 5.01830223 5.00820335],[2.21663699 2.20847769 2.19702503],[8.52547622 8.52981926 8.52857498]
